﻿<?xml version="1.0" encoding="utf-8" ?>
<Defs>
  
  <!-- ============= Nanolathe ============= -->

  <WorkGiverDef>
    <defName>DoBillsAvaliNanolathe</defName>
    <label>fabricate things at nanolathe</label>
    <giverClass>WorkGiver_DoBill</giverClass>
    <workType>Smithing</workType>
    <priorityInType>50</priorityInType>
    <fixedBillGiverDefs>
      <li>AvaliNanolathe</li>
    </fixedBillGiverDefs>
    <verb>work</verb>
    <gerund>working at</gerund>
    <requiredCapacities>
      <li>Manipulation</li>
    </requiredCapacities>
    <prioritizeSustains>true</prioritizeSustains>
  </WorkGiverDef>

  <!-- ============= Nanoloom ============= -->

  <WorkGiverDef>
    <defName>DoBillsAvaliNanoloom</defName>
    <label>make apparel at nanoloom</label>
    <giverClass>WorkGiver_DoBill</giverClass>
    <workType>Tailoring</workType>
    <priorityInType>110</priorityInType>
    <fixedBillGiverDefs>
      <li>AvaliNanoloom</li>
     </fixedBillGiverDefs>
    <verb>work</verb>
    <gerund>working at</gerund>
    <requiredCapacities>
      <li>Manipulation</li>
    </requiredCapacities>
    <prioritizeSustains>true</prioritizeSustains>
  </WorkGiverDef>
  
  <!-- ============= Weapons Workbench ============= -->

  <WorkGiverDef>
    <defName>DoBillsAvaliWeaponWorkbench</defName>
    <label>make things at weapon workbench</label>
    <giverClass>WorkGiver_DoBill</giverClass>
    <workType>Smithing</workType>
    <priorityInType>75</priorityInType>
    <fixedBillGiverDefs>
      <li>AvaliWeaponWorkbench</li>
    </fixedBillGiverDefs>
    <verb>work</verb>
    <gerund>working at</gerund>
    <requiredCapacities>
      <li>Manipulation</li>
    </requiredCapacities>
    <prioritizeSustains>true</prioritizeSustains>
  </WorkGiverDef>

</Defs>