<?xml version="1.0" encoding="utf-8" ?>
<Defs>

	<!-- ===== Base ===== -->
  
	<ThingDef Name="ApparelBaseAvali" Abstract="True">
		<thingClass>Apparel</thingClass>
		<category>Item</category>
		<selectable>True</selectable>
		<pathCost>10</pathCost>
		<useHitPoints>True</useHitPoints>
		<techLevel>Medieval</techLevel>
		<graphicData>
			<onGroundRandomRotateAngle>35</onGroundRandomRotateAngle>
		</graphicData>
		<drawGUIOverlay>true</drawGUIOverlay>
		<statBases>
			<MaxHitPoints>100</MaxHitPoints>
			<Flammability>1.0</Flammability>
			<DeteriorationRate>2</DeteriorationRate>
			<Beauty>-4</Beauty>
			<SellPriceFactor>0.70</SellPriceFactor>
		</statBases>
		<altitudeLayer>Item</altitudeLayer>
		<alwaysHaulable>True</alwaysHaulable>
		<tickerType>Never</tickerType>
		<comps>
			<li Class="CompProperties_Forbiddable"/>
			<li>
				<compClass>CompColorable</compClass>
			</li>
			<li>
				<compClass>CompQuality</compClass>
			</li>
		</comps>
	</ThingDef>

	<ThingDef Name="ApparelMakeableBaseAvali" ParentName="ApparelBaseAvali" Abstract="True">
		<recipeMaker>
			<workSpeedStat>GeneralLaborSpeed</workSpeedStat>
			<workSkill>Crafting</workSkill>
			<effectWorking>Tailor</effectWorking>
			<soundWorking>Recipe_Tailor</soundWorking>
			<recipeUsers>
				<li>AvaliNanoloom</li>
			</recipeUsers>
			<unfinishedThingDef>UnfinishedApparel</unfinishedThingDef>
			<defaultIngredientFilter>
				<categories>
					<li>Root</li>
				</categories>
				<disallowedThingDefs>
					<li>Gold</li>
					<li>Silver</li>
					<li>Plasteel</li>
					<li>Jade</li>
					<li>Uranium</li>
				</disallowedThingDefs>
			</defaultIngredientFilter>
		</recipeMaker>
	</ThingDef>
  
	<ThingDef Name="ArmorMakeableBaseAvali" ParentName="ApparelBaseAvali" Abstract="True">
		<recipeMaker>
			<workSpeedStat>GeneralLaborSpeed</workSpeedStat>
			<workSkill>Crafting</workSkill>
			<effectWorking>Smith</effectWorking>
			<soundWorking>Recipe_Machining</soundWorking>
			<recipeUsers>
				<li>AvaliNanolathe</li>
			</recipeUsers>
			<unfinishedThingDef>UnfinishedApparel</unfinishedThingDef>
			<defaultIngredientFilter>
				<categories>
					<li>Root</li>
				</categories>
				<disallowedThingDefs>
					<li>Gold</li>
					<li>Silver</li>
					<li>Jade</li>
					<li>Uranium</li>
				</disallowedThingDefs>
			</defaultIngredientFilter>
		</recipeMaker>
	</ThingDef>

    <!-- ========== Coats ========== -->
	
	<!-- ===== Storm Coat ===== -->
  
	<ThingDef ParentName="ApparelMakeableBaseAvali">
		<defName>Apparel_Avali_StormCoat</defName>
		<label>Avali Storm Coat</label>
		<description>A tough coat designed to keep you safe even in a storm.  Doesn't do a bad job of stopping bullets either.</description>
		<graphicData>
			<texPath>Things/Items/Apparel/Body/StormCoat/Avali_StormCoat</texPath>
			<graphicClass>Graphic_Single</graphicClass>
		</graphicData>
		<techLevel>Industrial</techLevel>
		<recipeMaker>
			<researchPrerequisite>AvaliClothing</researchPrerequisite>
		</recipeMaker>
		<costStuffCount>50</costStuffCount>
		<stuffCategories>
			<li>Fabric</li>
			<li>Leathery</li>
		</stuffCategories>
		<thingCategories>
			<li>Apparel</li>
		</thingCategories>
		<statBases>
			<MaxHitPoints>250</MaxHitPoints>
			<WorkToMake>2000</WorkToMake>
			<Mass>2.5</Mass>
			<StuffEffectMultiplierArmor>0.60</StuffEffectMultiplierArmor>
			<StuffEffectMultiplierInsulation_Cold>0.80</StuffEffectMultiplierInsulation_Cold>
			<StuffEffectMultiplierInsulation_Heat>0.80</StuffEffectMultiplierInsulation_Heat>
			<EquipDelay>2</EquipDelay>
		</statBases>
		<equippedStatOffsets>
			<MoveSpeed>-0.05</MoveSpeed>
			<WorkSpeedGlobal>-0.10</WorkSpeedGlobal>
		</equippedStatOffsets>
		<apparel>
			<bodyPartGroups>
				<li>Torso</li>
				<li>Neck</li>
				<li>Shoulders</li>
				<li>Arms</li>
				<li>Hands</li>
				<li>Legs</li>
			</bodyPartGroups>
			<wornGraphicPath>Things/Items/Apparel/Body/StormCoat/Avali_StormCoat</wornGraphicPath>
			<layers>
				<li>Shell</li>
			</layers>
			<tags>
				<li>Avali</li>
			</tags>
			<defaultOutfitTags>
				<li>Worker</li>
				<li>Soldier</li>
			</defaultOutfitTags>
		</apparel>
		<colorGenerator Class="ColorGenerator_Options">
			<options>
				<li>
					<weight>10</weight>
					<only>RGBA(0.33,0.33,0.33,1)</only>
				</li>
				<li>
					<weight>10</weight>
					<only>RGBA(0.65,0.65,0.65,1)</only>
				</li>
				<li>
					<weight>10</weight>
					<only>RGBA(0.4,0.3,0.15,1)</only>
				</li>
				<li>
					<weight>15</weight>
					<min>RGBA(0.3,0.3,0.3,1)</min>
					<max>RGBA(0.5,0.5,0.5,1)</max>
				</li>
				<li>
					<weight>6</weight>
					<min>RGBA(0.5,0.5,0.5,1)</min>
					<max>RGBA(1,1,1,1)</max>
				</li>
			</options>
		</colorGenerator>
	</ThingDef>
	
	
	<!-- ===== Blizzard Coat ===== -->
  
	<ThingDef ParentName="ApparelMakeableBaseAvali">
		<defName>Apparel_Avali_BlizzardCoat</defName>
		<label>Avali Blizzard Coat</label>
		<description>A larger and tougher version of the Storm Coat.  Designed to keep you alive in the worst of blizzards.</description>
		<graphicData>
			<texPath>Things/Items/Apparel/Body/BlizzardCoat/Avali_BlizzardCoat</texPath>
			<graphicClass>Graphic_Single</graphicClass>
		</graphicData>
		<techLevel>Industrial</techLevel>
		<recipeMaker>
			<researchPrerequisite>AvaliClothingAdvanced</researchPrerequisite>
		</recipeMaker>
		<costStuffCount>75</costStuffCount>
		<stuffCategories>
			<li>Fabric</li>
			<li>Leathery</li>
		</stuffCategories>
		<thingCategories>
			<li>Apparel</li>
		</thingCategories>
		<statBases>
			<MaxHitPoints>300</MaxHitPoints>
			<WorkToMake>2500</WorkToMake>
			<Mass>4.0</Mass>
			<StuffEffectMultiplierArmor>0.90</StuffEffectMultiplierArmor>
			<StuffEffectMultiplierInsulation_Cold>1.25</StuffEffectMultiplierInsulation_Cold>
			<StuffEffectMultiplierInsulation_Heat>1.25</StuffEffectMultiplierInsulation_Heat>
		</statBases>
		<equippedStatOffsets>
			<MoveSpeed>-0.10</MoveSpeed>
			<WorkSpeedGlobal>-0.20</WorkSpeedGlobal>
			<Flammability>-0.35</Flammability>
		</equippedStatOffsets>
		<apparel>
			<bodyPartGroups>
				<li>Torso</li>
				<li>Neck</li>
				<li>Shoulders</li>
				<li>Arms</li>
				<li>Hands</li>
				<li>Legs</li>
				<li>Feet</li>
			</bodyPartGroups>
			<wornGraphicPath>Things/Items/Apparel/Body/BlizzardCoat/Avali_BlizzardCoat</wornGraphicPath>
			<layers>
				<li>Shell</li>
			</layers>
			<tags>
				<li>Outlander</li>
			</tags>
			<defaultOutfitTags>
				<li>Avali</li>
			</defaultOutfitTags>
		</apparel>
		<colorGenerator Class="ColorGenerator_Options">
			<options>
				<li>
					<weight>10</weight>
					<only>RGBA(0.33,0.33,0.33,1)</only>
				</li>
				<li>
					<weight>10</weight>
					<only>RGBA(0.65,0.65,0.65,1)</only>
				</li>
				<li>
					<weight>10</weight>
					<only>RGBA(0.4,0.3,0.15,1)</only>
				</li>
				<li>
					<weight>15</weight>
					<min>RGBA(0.3,0.3,0.3,1)</min>
					<max>RGBA(0.5,0.5,0.5,1)</max>
				</li>
				<li>
					<weight>6</weight>
					<min>RGBA(0.5,0.5,0.5,1)</min>
					<max>RGBA(1,1,1,1)</max>
				</li>
			</options>
		</colorGenerator>
	</ThingDef>
	
	
	<!-- ========== Cloathing ========== -->
	
	<!-- ===== Work Clothing ===== -->
  
	<ThingDef ParentName="ApparelMakeableBaseAvali">
		<defName>Apparel_Avali_WorkClothing</defName>
		<label>Avali Work Clothing</label>
		<description>A simple set of work clothing.  Comfortable to wear and protects against the elements.</description>
		<graphicData>
			<texPath>Things/Items/Apparel/Body/WorkClothing/Avali_WorkClothing</texPath>
			<graphicClass>Graphic_Single</graphicClass>
		</graphicData>
		<techLevel>Medieval</techLevel>
		<recipeMaker>
			<researchPrerequisite>AvaliWorkbenches</researchPrerequisite>
		</recipeMaker>
		<costStuffCount>50</costStuffCount>
		<stuffCategories>
			<li>Fabric</li>
			<li>Leathery</li>
		</stuffCategories>
		<thingCategories>
			<li>Apparel</li>
		</thingCategories>
		<statBases>
			<MaxHitPoints>200</MaxHitPoints>
			<WorkToMake>1000</WorkToMake>
			<Mass>2.0</Mass>
			<StuffEffectMultiplierArmor>0.15</StuffEffectMultiplierArmor>
			<StuffEffectMultiplierInsulation_Cold>0.50</StuffEffectMultiplierInsulation_Cold>
			<StuffEffectMultiplierInsulation_Heat>0.50</StuffEffectMultiplierInsulation_Heat>
		</statBases>
		<equippedStatOffsets>
			<MoveSpeed>0.25</MoveSpeed>
			<WorkSpeedGlobal>0.25</WorkSpeedGlobal>
			<CarryingCapacity>5</CarryingCapacity>
		</equippedStatOffsets>
		<apparel>
			<bodyPartGroups>
				<li>Torso</li>
				<li>Legs</li>
				<li>Arms</li>
				<li>Feet</li>
			</bodyPartGroups>
			<wornGraphicPath>Things/Items/Apparel/Body/WorkClothing/Avali_WorkClothing</wornGraphicPath>
			<layers>
				<li>OnSkin</li>
				<li>Middle</li>
			</layers>
			<tags>
				<li>Avali</li>
			</tags>
			<defaultOutfitTags>
				<li>Worker</li>
			</defaultOutfitTags>
		</apparel>
		<colorGenerator Class="ColorGenerator_Options">
			<options>
				<li>
					<weight>10</weight>
					<only>RGBA(0.33,0.33,0.33,1)</only>
				</li>
				<li>
					<weight>10</weight>
					<only>RGBA(0.65,0.65,0.65,1)</only>
				</li>
				<li>
					<weight>10</weight>
					<only>RGBA(0.4,0.3,0.15,1)</only>
				</li>
				<li>
					<weight>15</weight>
					<min>RGBA(0.3,0.3,0.3,1)</min>
					<max>RGBA(0.5,0.5,0.5,1)</max>
				</li>
				<li>
					<weight>6</weight>
					<min>RGBA(0.5,0.5,0.5,1)</min>
					<max>RGBA(1,1,1,1)</max>
				</li>
			</options>
		</colorGenerator>
	</ThingDef>
	
	
	<!-- ===== Robes ===== -->
  
	<ThingDef ParentName="ApparelMakeableBaseAvali">
		<defName>Apparel_Avali_Robe</defName>
		<label>Avali Robe</label>
		<description>An elegant robe.  Provides some level protection from the elements and is comfortable to wear.</description>
		<graphicData>
			<texPath>Things/Items/Apparel/Body/Robe/Avali_Robe</texPath>
			<graphicClass>Graphic_Single</graphicClass>
		</graphicData>
		<techLevel>Medieval</techLevel>
		<recipeMaker>
			<recipeUsers>
				<li>AvaliNanoloom</li>
				<li>ElectricTailoringBench</li>
				<li>HandTailoringBench</li>
			</recipeUsers>
		</recipeMaker>
		<costStuffCount>50</costStuffCount>
		<stuffCategories>
			<li>Fabric</li>
			<li>Leathery</li>
		</stuffCategories>
		<thingCategories>
			<li>Apparel</li>
		</thingCategories>
		<statBases>
			<MaxHitPoints>175</MaxHitPoints>
			<WorkToMake>1000</WorkToMake>
			<Mass>2.0</Mass>
			<StuffEffectMultiplierArmor>0.35</StuffEffectMultiplierArmor>
			<StuffEffectMultiplierInsulation_Cold>0.55</StuffEffectMultiplierInsulation_Cold>
			<StuffEffectMultiplierInsulation_Heat>0.55</StuffEffectMultiplierInsulation_Heat>
		</statBases>
		<equippedStatOffsets>
			<Comfort>0.35</Comfort>
		</equippedStatOffsets>
		<apparel>
			<bodyPartGroups>
				<li>Torso</li>
				<li>Legs</li>
				<li>Arms</li>
				<li>Feet</li>
			</bodyPartGroups>
			<wornGraphicPath>Things/Items/Apparel/Body/Robe/Avali_Robe</wornGraphicPath>
			<layers>
				<li>OnSkin</li>
				<li>Middle</li>
			</layers>
			<tags>
				<li>Avali</li>
			</tags>
			<defaultOutfitTags>
				<li>Worker</li>
			</defaultOutfitTags>
		</apparel>
		<colorGenerator Class="ColorGenerator_Options">
			<options>
				<li>
					<weight>10</weight>
					<only>RGBA(0.33,0.33,0.33,1)</only>
				</li>
				<li>
					<weight>10</weight>
					<only>RGBA(0.65,0.65,0.65,1)</only>
				</li>
				<li>
					<weight>10</weight>
					<only>RGBA(0.4,0.3,0.15,1)</only>
				</li>
				<li>
					<weight>15</weight>
					<min>RGBA(0.3,0.3,0.3,1)</min>
					<max>RGBA(0.5,0.5,0.5,1)</max>
				</li>
				<li>
					<weight>6</weight>
					<min>RGBA(0.5,0.5,0.5,1)</min>
					<max>RGBA(1,1,1,1)</max>
				</li>
			</options>
		</colorGenerator>
	</ThingDef>
	
	
	<!-- ===== Fancy Clothing ===== -->
  
	<ThingDef ParentName="ApparelMakeableBaseAvali">
		<defName>Apparel_Avali_FancyClothing</defName>
		<label>Avali Fancy Clothing</label>
		<description>A set of fancy clothing.  This is the very deffinition of 'Form over Function'.  Some might call this clothing 'Regal'.</description>
		<graphicData>
			<texPath>Things/Items/Apparel/Body/FancyClothing/Avali_FancyClothing</texPath>
			<graphicClass>Graphic_Single</graphicClass>
		</graphicData>
		<techLevel>Industrial</techLevel>
		<recipeMaker>
			<researchPrerequisite>AvaliClothing</researchPrerequisite>
		</recipeMaker>
		<costStuffCount>150</costStuffCount>
		<stuffCategories>
			<li>Fabric</li>
			<li>Leathery</li>
		</stuffCategories>
		<thingCategories>
			<li>Apparel</li>
		</thingCategories>
		<statBases>
			<MaxHitPoints>50</MaxHitPoints>
			<WorkToMake>1000</WorkToMake>
			<Mass>2.0</Mass>
			<StuffEffectMultiplierArmor>0.10</StuffEffectMultiplierArmor>
			<StuffEffectMultiplierInsulation_Cold>0.15</StuffEffectMultiplierInsulation_Cold>
			<StuffEffectMultiplierInsulation_Heat>0.15</StuffEffectMultiplierInsulation_Heat>
		</statBases>
		<equippedStatOffsets>
			<Beauty>5</Beauty>
			<SocialImpact>0.25</SocialImpact>
    	</equippedStatOffsets>
		<apparel>
			<bodyPartGroups>
				<li>Torso</li>
				<li>Legs</li>
				<li>Arms</li>
				<li>Feet</li>
			</bodyPartGroups>
			<wornGraphicPath>Things/Items/Apparel/Body/FancyClothing/Avali_FancyClothing</wornGraphicPath>
			<layers>
				<li>Shell</li>
			</layers>
			<tags>
				<li>Avali</li>
			</tags>
			<defaultOutfitTags>
				<li>Worker</li>
			</defaultOutfitTags>
		</apparel>
		<colorGenerator Class="ColorGenerator_Options">
			<options>
				<li>
					<weight>10</weight>
					<only>RGBA(0.33,0.33,0.33,1)</only>
				</li>
				<li>
					<weight>10</weight>
					<only>RGBA(0.65,0.65,0.65,1)</only>
				</li>
				<li>
					<weight>10</weight>
					<only>RGBA(0.4,0.3,0.15,1)</only>
				</li>
				<li>
					<weight>15</weight>
					<min>RGBA(0.3,0.3,0.3,1)</min>
					<max>RGBA(0.5,0.5,0.5,1)</max>
				</li>
				<li>
					<weight>6</weight>
					<min>RGBA(0.5,0.5,0.5,1)</min>
					<max>RGBA(1,1,1,1)</max>
				</li>
			</options>
		</colorGenerator>
	</ThingDef>
	
	
	<!-- ========== Armour ========== -->
	
	<!-- ===== Light Armour ===== -->
  
	<ThingDef ParentName="ArmorMakeableBaseAvali">
		<defName>Apparel_Avali_LightArmour</defName>
		<label>Avali Light Armour</label>
		<description>Light Avali armour.  Doesn't restrict movements much and provides good protection.</description>
		<graphicData>
			<texPath>Things/Items/Apparel/Body/LightArmour/Avali_LightArmour</texPath>
			<graphicClass>Graphic_Single</graphicClass>
		</graphicData>
		<techLevel>Industrial</techLevel>
		<recipeMaker>
			<researchPrerequisite>AvaliClothing</researchPrerequisite>
		</recipeMaker>
		<costStuffCount>100</costStuffCount>
		<stuffCategories>
			<li>Fabric</li>
			<li>Leathery</li>
		</stuffCategories>
		<costList>
			<Steel>10</Steel>
		</costList>
		<thingCategories>
			<li>Apparel</li>
		</thingCategories>
		<statBases>
			<MaxHitPoints>350</MaxHitPoints>
			<WorkToMake>2000</WorkToMake>
			<Mass>4.0</Mass>
			<ArmorRating_Sharp>0.90</ArmorRating_Sharp>
			<ArmorRating_Blunt>0.75</ArmorRating_Blunt>
			<ArmorRating_Heat>0.75</ArmorRating_Heat>
			<StuffEffectMultiplierInsulation_Cold>0.20</StuffEffectMultiplierInsulation_Cold>
			<StuffEffectMultiplierInsulation_Heat>0.20</StuffEffectMultiplierInsulation_Heat>
		</statBases>
		<equippedStatOffsets>
			<MoveSpeed>-0.05</MoveSpeed>
			<Flammability>-0.20</Flammability>
		</equippedStatOffsets>
		<apparel>
			<bodyPartGroups>
				<li>Torso</li>
				<li>Shoulders</li>
				<li>Arms</li>
				<li>Hands</li>
				<li>Legs</li>
				<li>Feet</li>
			</bodyPartGroups>
			<wornGraphicPath>Things/Items/Apparel/Body/LightArmour/Avali_LightArmour</wornGraphicPath>
			<layers>
				<li>OnSkin</li>
				<li>Middle</li>
			</layers>
			<tags>
				<li>Avali</li>
			</tags>
			<defaultOutfitTags>
				<li>Soldier</li>
			</defaultOutfitTags>
		</apparel>
		<colorGenerator Class="ColorGenerator_Options">
			<options>
				<li>
					<weight>10</weight>
					<only>RGBA(0.33,0.33,0.33,1)</only>
				</li>
				<li>
					<weight>10</weight>
					<only>RGBA(0.65,0.65,0.65,1)</only>
				</li>
				<li>
					<weight>10</weight>
					<only>RGBA(0.4,0.3,0.15,1)</only>
				</li>
				<li>
					<weight>15</weight>
					<min>RGBA(0.3,0.3,0.3,1)</min>
					<max>RGBA(0.5,0.5,0.5,1)</max>
				</li>
				<li>
					<weight>6</weight>
					<min>RGBA(0.5,0.5,0.5,1)</min>
					<max>RGBA(1,1,1,1)</max>
				</li>
			</options>
		</colorGenerator>
	</ThingDef>
	
	
	<!-- ===== Heavy Armour ===== -->
  
	<ThingDef ParentName="ArmorMakeableBaseAvali">
		<defName>Apparel_Avali_HeavyArmour</defName>
		<label>Avali Heavy Armour</label>
		<description>Heavy Avali armour.  Designed for front line fighters, this armour provides a lot of protection, but at the cost of mobility.</description>
		<graphicData>
			<texPath>Things/Items/Apparel/Body/HeavyArmour/Avali_HeavyArmour</texPath>
			<graphicClass>Graphic_Single</graphicClass>
		</graphicData>
		<techLevel>Industrial</techLevel>
		<recipeMaker>
			<researchPrerequisite>AvaliClothingAdvanced</researchPrerequisite>
		</recipeMaker>
		<costStuffCount>100</costStuffCount>
		<stuffCategories>
			<li>Metallic</li>
		</stuffCategories>
		<costList>
			<ComponentSpacer>20</ComponentSpacer>
		</costList>
		<thingCategories>
			<li>Apparel</li>
		</thingCategories>
		<statBases>
			<MaxHitPoints>450</MaxHitPoints>
			<WorkToMake>7500</WorkToMake>
			<Mass>6.0</Mass>
			<ArmorRating_Sharp>1.25</ArmorRating_Sharp>
			<ArmorRating_Blunt>1.25</ArmorRating_Blunt>
			<ArmorRating_Heat>1.25</ArmorRating_Heat>
			<Insulation_Cold>50</Insulation_Cold>
			<Insulation_Heat>50</Insulation_Heat>
		</statBases>
		<equippedStatOffsets>
			<MoveSpeed>-0.20</MoveSpeed>
			<Flammability>-1</Flammability>
			<Comfort>-0.10</Comfort>
		</equippedStatOffsets>
		<apparel>
			<bodyPartGroups>
				<li>Torso</li>
				<li>Neck</li>
				<li>Shoulders</li>
				<li>Arms</li>
				<li>Hands</li>
				<li>Legs</li>
				<li>Feet</li>
			</bodyPartGroups>
			<wornGraphicPath>Things/Items/Apparel/Body/HeavyArmour/Avali_HeavyArmour</wornGraphicPath>
			<layers>
				<li>OnSkin</li>
				<li>Middle</li>
				<li>Shell</li>
			</layers>
			<tags>
				<li>Avali</li>
			</tags>
			<defaultOutfitTags>
				<li>Soldier</li>
			</defaultOutfitTags>
		</apparel>
		<colorGenerator Class="ColorGenerator_Options">
			<options>
				<li>
					<weight>10</weight>
					<only>RGBA(0.33,0.33,0.33,1)</only>
				</li>
				<li>
					<weight>10</weight>
					<only>RGBA(0.65,0.65,0.65,1)</only>
				</li>
				<li>
					<weight>10</weight>
					<only>RGBA(0.4,0.3,0.15,1)</only>
				</li>
				<li>
					<weight>15</weight>
					<min>RGBA(0.3,0.3,0.3,1)</min>
					<max>RGBA(0.5,0.5,0.5,1)</max>
				</li>
				<li>
					<weight>6</weight>
					<min>RGBA(0.5,0.5,0.5,1)</min>
					<max>RGBA(1,1,1,1)</max>
				</li>
			</options>
		</colorGenerator>
	</ThingDef>
	
</Defs>