<?xml version="1.0" encoding="utf-8" ?>
<Defs>

<AlienRace.ThingDef_AlienRace ParentName="BasePawn">
	<defName>Alien_Avali</defName>
	<label>Avali</label>
	<description>A small feathered raptor like race with four ears and a love of the musical arts.</description>
	<alienRace>
		<generalSettings>
			<maleGenderProbability>0.5</maleGenderProbability>
			<immuneToAge>False</immuneToAge>
			<alienPartGenerator>
				<aliencrowntypes>
					<li>Average_Normal</li>
				</aliencrowntypes>
				<alienbodytypes>
					<li>Male</li>
					<li>Female</li>
				</alienbodytypes>
				<colorChannels>
					<li>
						<name>skin</name>
						<first Class="ColorGenerator_Options">
							<options>
								<li>
									<weight>2</weight>
									<min>RGBA(0.2,0.2,0.2,1)</min>
									<max>RGBA(1.0,1.0,1.0,1)</max>
								</li>
							</options>
						</first>
						<second Class="ColorGenerator_Options">
							<options>
								<li>
									<weight>2</weight>
									<min>RGBA(0.2,0.2,0.2,1)</min>
									<max>RGBA(1.0,1.0,1.0,1)</max>
								</li>
							</options>
						</second>
					</li>
					 <li>
						<name>hair</name>
						<first Class="AlienRace.ColorGenerator_CustomAlienChannel">
							<colorChannel>skin_1</colorChannel>
						</first>
						<second Class="AlienRace.ColorGenerator_CustomAlienChannel">
							<colorChannel>skin_2</colorChannel>
						</second>
					</li>
				</colorChannels>
				<customDrawSize>(0.6, 0.6)</customDrawSize>
				<customPortraitDrawSize>(0.6, 0.6)</customPortraitDrawSize>
			</alienPartGenerator>
			<disallowedTraits>
				<li>
					<defName>Psychopath</defName>
				</li>
				<li>
					<defName>Cannibal</defName>
				</li>
				<li>
					<defName>Abrasive</defName>
				</li>
				<li>
					<defName>BodyPurist</defName>
				</li>
				<li>
					<defName>Pyromaniac</defName>
				</li>
            </disallowedTraits>
			<maxDamageForSocialfight>6</maxDamageForSocialfight>
			<humanRecipeImport>true</humanRecipeImport>
			<allowHumanBios>False</allowHumanBios>
		</generalSettings>
		<graphicPaths>
			<li>
				<head>Things/Avali/Heads/</head>
				<body>Things/Avali/Body/</body>
			</li>
		</graphicPaths>
		<hairSettings>
			<hasHair>true</hasHair>
				<hairTags>
					<li>Avali</li>
				</hairTags>
		</hairSettings>
		<relationSettings>
			<relationChanceModifierChild>1.1</relationChanceModifierChild>
			<relationChanceModifierExLover>1</relationChanceModifierExLover>
			<relationChanceModifierExSpouse>1</relationChanceModifierExSpouse>
			<relationChanceModifierFiance>1.1</relationChanceModifierFiance>
			<relationChanceModifierLover>1.05</relationChanceModifierLover>
			<relationChanceModifierParent>1</relationChanceModifierParent>
			<relationChanceModifierSibling>1</relationChanceModifierSibling>
			<relationChanceModifierSpouse>1.1</relationChanceModifierSpouse>
		</relationSettings>
		<thoughtSettings>
			<cannotReceiveThoughts>
				<li>AteAwfulMeal</li>
				<li>AteRawFood</li>
				<li>AteWithoutTable</li>
				<li>SleepDisturbed</li>
				<li>SleptOnGround</li>
				<li>SleptInCold</li>
				<li>EnvironmentDark</li>
				<li>EnvironmentCold</li>
				<li>SharedBed</li>
				<li>Naked</li>
				<li>ButcheredHumanlikeCorpse</li>
				<li>ButcheredHumanlikeCorpseOpinion</li>
				<li>KnowButcheredHumanlikeCorpse</li>
				<li>AteRawHumanlikeMeat</li>
				<li>AteHumanlikeMeatDirect</li>
				<li>AteHumanlikeMeatAsIngredient</li>
				<li>AteHumanlikeMeatDirectCannibal</li>
				<li>AteHumanlikeMeatAsIngredientCannibal</li>
				<li>AteInsectMeatDirect</li>
				<li>AteInsectMeatAsIngredient</li>
				<li>HumanLeatherApparelSad</li>
				<li>ObservedLayingCorpse</li>
				<li>AteCorpse</li>
			</cannotReceiveThoughts>
		</thoughtSettings>
		<raceRestriction>
			<researchList>
                <li>
                    <projects>
                        <li>AvaliWorkbenches</li>
                        <li>AvaliCybernetics</li>
                        <li>AvaliBionics</li>
                        <li>AvaliClothing</li>
                        <li>AvaliClothingAdvanced</li>
                        <li>AvaliTurretBasic</li>
                        <li>AvaliTurretRapid</li>
                        <li>AvaliTurretMissile</li>
                        <li>AvaliWeaponsCombat</li>
                        <li>AvaliWeaponsHeavy</li>
                    </projects>
				</li>
			</researchList>
			<apparelList>
			<li>Apparel_Avali_StormCoat</li>
			<li>Apparel_Avali_BlizzardCoat</li>
			<li>Apparel_Avali_WorkClothing</li>
			<li>Apparel_Avali_Robe</li>
			<li>Apparel_Avali_FancyClothing</li>
			<li>Apparel_Avali_LightArmour</li>
			<li>Apparel_Avali_HeavyArmour</li>
			<li>Apparel_Avali_LightHood</li>
			<li>Apparel_Avali_HeavyArmourHelmet</li>
			</apparelList>
			<onlyUseRaceRestrictedApparel>true</onlyUseRaceRestrictedApparel> 
			<buildingList>
				<li>AvaliNanolathe</li>
				<li>AvaliNanoloom</li>
				<li>AvaliWeaponWorkbench</li>
            </buildingList>
			<whiteApparelList>
				<li>Apparel_ShieldBelt</li>
				<li>Apparel_SmokepopBelt</li>
				<li>Apparel_HatLadies</li>
				<li>Apparel_HatTop</li>
				<li>Apparel_Coronet</li>
				<li>Apparel_Crown</li>
			</whiteApparelList>  
		</raceRestriction>
	</alienRace>
	<statBases>
		<MarketValue>2500</MarketValue>
		<MoveSpeed>8.5</MoveSpeed>
		<Flammability>1.5</Flammability>
		<ComfyTemperatureMin>-64</ComfyTemperatureMin>
		<ComfyTemperatureMax>24</ComfyTemperatureMax>
		<LeatherAmount>25</LeatherAmount>
		<PsychicSensitivity>0.85</PsychicSensitivity>
		<MiningSpeed>0.8</MiningSpeed>
		<ConstructionSpeed>0.8</ConstructionSpeed>
		<AnimalGatherSpeed>1</AnimalGatherSpeed>
		<AnimalGatherYield>1.25</AnimalGatherYield>
		<MeleeDodgeChance>1.33</MeleeDodgeChance>
		<ResearchSpeed>1.20</ResearchSpeed>
		<HungerRateMultiplier>0.55</HungerRateMultiplier>
	</statBases>
	<tools>
		<li>
			<label>left fist</label>
			<capacities>
				<li>Blunt</li>
			</capacities>
			<power>3</power>
			<cooldownTime>1.1</cooldownTime>
			<linkedBodyPartsGroup>LeftHand</linkedBodyPartsGroup>
		</li>
		<li>
			<label>left fist</label>
			<capacities>
				<li>Blunt</li>
			</capacities>
			<power>3</power>
			<cooldownTime>1.1</cooldownTime>
			<linkedBodyPartsGroup>LeftHand</linkedBodyPartsGroup>
		</li>
		<li>
			<label>teeth</label>
			<capacities>
				<li>Bite</li>
			</capacities>
			<power>20</power>
			<cooldownTime>1.5</cooldownTime>
			<linkedBodyPartsGroup>Teeth</linkedBodyPartsGroup>
			<chanceFactor>0.2</chanceFactor>
		</li>
    </tools>
	<race>
		<thinkTreeMain>Humanlike</thinkTreeMain>
		<thinkTreeConstant>HumanlikeConstant</thinkTreeConstant>
		<intelligence>Humanlike</intelligence>
		<makesFootprints>true</makesFootprints>
		<lifeExpectancy>125</lifeExpectancy>
		<leatherDef>Avali_Leather</leatherDef>
		<nameGenerator>NamerPersonAvali</nameGenerator>
		<body>Avali</body>
		<bloodDef>FilthBloodAvali</bloodDef>	
		<meatColor>(0, 0, 128)</meatColor>
		<baseBodySize>0.55</baseBodySize>
		<baseHealthScale>1.25</baseHealthScale>
		<foodType>OmnivoreHuman</foodType>
		<gestationPeriodDays>45</gestationPeriodDays>
		<litterSizeCurve>
			<points>
				<li>(0.5, 0)</li>
				<li>(1, 1)</li>
				<li>(1.01, 0.02)</li>
				<li>(3.5, 0)</li>
			</points>
		</litterSizeCurve>
		<lifeStageAges>
			<li>
				<def>BabyStageAvali</def>
				<minAge>0</minAge>
			</li>
			<li>
				<def>ChildStageAvali</def>
				<minAge>4</minAge>
			</li>
			<li>
				<def>TeenStageAvali</def>
				<minAge>13</minAge>
			</li>
			<li>
				<def>AdultStageAvali</def>
				<minAge>18</minAge>
			</li>
			<li>
				<def>ElderStageAvali</def>
				<minAge>65</minAge>
			</li>
			<li>
				<def>AncestorStageAvali</def>
				<minAge>100</minAge>
			</li>
		</lifeStageAges>
		<soundMeleeHitPawn>Pawn_Melee_Punch_HitPawn</soundMeleeHitPawn>
		<soundMeleeHitBuilding>Pawn_Melee_Punch_HitBuilding</soundMeleeHitBuilding>
		<soundMeleeMiss>Pawn_Melee_Punch_Miss</soundMeleeMiss>
		<specialShadowData>
			<volume>(0.3, 0.8, 0.4)</volume>
			<offset>(0,0,-0.3)</offset>
		</specialShadowData>
		<ageGenerationCurve>
			<points>
				<li>(16,0)</li>
				<li>(17,100)</li>
				<li>(20,100)</li>
				<li>(30,100)</li>
				<li>(40,20)</li>
				<li>(50,10)</li>
				<li>(60,0)</li>
				<li>(70,0)</li>
				<li>(80,0)</li>
			</points>
		</ageGenerationCurve>
		<hediffGiverSets>
			<li>OrganicAgeless</li>
		</hediffGiverSets>
	</race>
	<recipes>
		<li>InstallPowerClaw</li>
		<li>InstallBionicEye</li>
		<li>InstallBionicArm</li>
		<li>InstallBionicLeg</li>
		<li>InstallSimpleProstheticArm</li>
		<li>InstallSimpleProstheticLeg</li>
		<li>InstallPegLeg</li>
		<li>InstallDenture</li>
		<li>InstallJoywire</li>
		<li>InstallPainstopper</li>
		<li>InstallNaturalHeart</li>
		<li>InstallNaturalLung</li>
		<li>InstallNaturalKidney</li>
		<li>InstallNaturalLiver</li>
		<li>ExciseCarcinoma</li>
		<li>RemoveBodyPart</li>
		<li>Euthanize</li>
	</recipes>
</AlienRace.ThingDef_AlienRace>

<AlienRace.RaceSettings>
	<defName>AvaliRaceSettings</defName>
	<pawnKindSettings>
		<alienslavekinds>
			<li>
				<kindDefs>
					<li>AvaliSlave</li>
				</kindDefs>
				<chance>35</chance>
			</li>
		</alienslavekinds>
		<alienrefugeekinds>
			<li>
				<kindDefs>
					<li>AvaliRefugee</li>
				</kindDefs>
				<chance>50.0</chance>
			</li>
		</alienrefugeekinds>
		<startingColonists>
			<li>
				<pawnKindEntries>
					<li>
						<kindDefs>
							<li>AvaliStalker</li>
							<li>AvaliAgent</li>
							<li>AvaliAssassin</li>
							<li>AvaliColonist</li>
						</kindDefs>
						<chance>10.0</chance>
					</li>
				</pawnKindEntries>
				<factionDefs>
					<li>AvaliPlayerColony</li> 
				</factionDefs>
			</li>
		</startingColonists>
		<alienwandererkinds>
			<li>
				<pawnKindEntries>
					<li>
						<kindDefs>
							<li>AvaliStalker</li>
							<li>AvaliAgent</li>
							<li>AvaliColonist</li>
							<li>AvaliAssassin</li>
							<li>AvaliKeeper</li>
							<li>AvaliSoldier</li>
						</kindDefs>
						<chance>50.0</chance>
					</li>
				</pawnKindEntries>
				<factionDefs>
					<li>AvaliPlayerColony</li> 
				</factionDefs>
			</li>
		</alienwandererkinds>
	</pawnKindSettings>	
</AlienRace.RaceSettings>

</Defs>